21-1,Norfolk,dce,1419-01-28,1419-03-02
21-2,Nottingham,dce,1418-07-20,1418-10-12
21-3,Essex,dce,1418-05-24,1418-12-31
21-4,Suffolk,dce,1418-05-24,1418-10-11
21-5,Leicester,dce,1418-08-19,1418-10-18
21-6,Kent,dce,1418-08-19,1418-09-12
21-7,Nottingham,dce,1418-08-19,1418-10-01
21-9,Hampshire,dce,1418-08-19,1419-02-21
21-10,Essex,dce,1418-08-19,1418-09-08
21-11,Stafford,dce,1418-08-19,1418-09-06
21-12,Lincoln,dce,1418-08-19,1418-09-28
21-13,Northampton,dce,1418-08-19,1418-09-20
21-15,Oxford,dce,1418-11-14,1418-12-05
21-16,Surrey,dce,1418-11-14,1418-11-30
21-17,Wiltshire,dce,1418-07-09,1418-10-24
21-19,Dorset,dce,1418-11-23,1419-03-16
21-20,Sussex,dce,1418-10-17,1418-11-04
21-21,York,dce,1418-05-28,1418-08-29
21-22,Hertford,dce,1419-02-18,1419-03-06
21-24,Norfolk,dce,1419-02-18,1419-04-05
21-26,Oxford,dce,1419-02-18,1419-06-05
21-27,Cambridge,dce,1419-02-18,1419-03-30
21-28,Hertford,dda,1422-10-20,1423-09-20
21-30,Nottinghamshire,dce,1419-02-10,1419-04-19
21-31,Lincoln,dce,1419-02-10,1419-05-05
21-32,York,dce,1419-02-10,1419-03-14
21-34,Worcestershire,dce,1418-10-20,1419-02-04
21-35,Gloucestershire,dce,1418-07-16,1418-11-15
21-36,Worcestershire,dce,1419-02-04,1418-11-16
21-37,Gloucestershire,dce,1418-07-16,1418-11-16
21-38,Gloucestershire,man,1418-07-15,1418-11-16
21-39,Devon,man,1418-07-15,1418-09-20
21-40,Wiltshire,man,1418-07-15,1418-09-21
21-41,Wiltshire,mel,1418-11-28,1419-03-30
21-42,Wiltshire,dce,1419-10-16,1419-11-07
21-43,Norfolk,dev,1418-11-24,1419-01-16
21-45,Norfolk,dev,1419-06-12,1419-09-25
21-46,Nottinghamshire,dce,1419-02-11,1419-04-22
21-47,Lincoln,dce,1418-10-28,1419-04-03
21-48,Norfolk,dce,1418-10-07,1418-11-02
21-50,Warwickshire,dce,1418-10-18,1418-11-19
21-51,Somerset,dce,1418-04-20,1418-05-24
21-52,Essex,dce,1418-10-08,1420-11-04
21-53,Kent,dce,1418-04-20,1418-07-06
21-54,York,dce,1418-04-20,1418-07-18
21-55,Norfolk,dce,1418-04-20,1418-05-25
21-57,Leicestershire,dce,1418-04-20,1418-06-04
21-58,Leicestershire,ple,1418-10-16,1418-10-22
21-59,Derbyshire,dce,1418-04-20,1418-08-24
21-61,Suffolk,dce,1418-02-28,1418-06-17
21-62,Bedfordshire,dce,1418-02-28,1418-05-03
21-63,London,dce,1418-02-28,1418-04-25
21-64,Somerset,dce,1418-02-28,1418-05-07
21-65,Devon,dce,1418-02-28,1418-05-02
21-67,Lincoln,dce,1418-02-28,1418-03-18
21-68,York,dce,1418-02-28,1418-04-01
21-69,Cumberland,dce,1418-02-28,1418-04-18
21-70,Lancaster,dce,1418-02-28,1418-03-12
21-71,Lancaster,unc,1418-06-13,1418-06-23
21-72,Cumberland,wnedda,1418-07-08,1418-09-07
21-74,Nottinghamshire,dce,1418-04-20,1418-07-30
21-75,Leicestershire,dce,1418-04-20,1418-06-04
21-76,Leicestershire,dce,1417-11-20,1418-03-24
21-77,Nottinghamshire,dce,1418-04-25,1418-09-28
21-78,York,dce,1418-08-25,1418-10-19
21-79,Suffolk,qp,1418-07-01,1418-08-10
21-80,Cambridgeshire,dce,1418-05-24,1418-12-05
21-81,Surrey,dce,1418-05-24,1418-06-01
21-82,Worcestershire,dce,1418-09-22,1418-10-25
21-83,Warwickshire,dce,1418-09-22,1418-10-25
21-84,Shropshire and the Adjacent March of Wales,dce,1418-09-22,1418-10-19
21-85,Staffordshire,dce,1418-09-22,1418-10-22
21-86,Cambridgeshire,dce,1418-12-30,1419-12-20
21-88,Leicestershire,dce,1418-12-30,1419-02-07
21-89,Northamptonshire,dce,1418-12-30,1419-02-06
21-90,Wiltshire,dce,1416-12-01,1418-10-20
21-91,Cornwall,dce,1418-04-25,1418-05-07
21-92,Devon,dce,1418-04-25,1418-05-04
21-93,Surrey,dce,1418-09-24,1418-11-07
21-94,Cambridgeshire,dce,1418-09-24,1418-11-05
21-96,Essex,dce,1418-09-24,1418-10-23
21-98,London,dce,1418-09-24,1418-10-19
21-99,Leicestershire,dce,1418-09-24,1418-11-23
21-100,Wiltshire,dce,1418-09-24,1418-11-21
21-101,Oxfordshire,dce,1418-09-24,1418-11-17
21-102,Bedfordshire,dce,1418-09-24,1418-11-14
21-104,Northamptonshire,dce,1418-09-24,1418-11-05
21-105,Dorset,dce,1418-06-22,1418-07-28
21-106,Wiltshire,dce,1418-06-22,1418-07-21
21-108,Westmorland,dce,1418-04-14,1418-04-28
21-109,Northamptonshire,dce,1418-04-14,1418-05-02
21-110,Cumberland,dce,1418-04-14,1418-04-28
21-111,Northumberland,dce,1418-04-14,1418-04-28
21-112,York,dce,1418-04-14,1418-04-27
21-113,London,dce,1418-08-20,1418-10-19
21-114,Kent,dce,1418-08-20,1418-10-29
21-115,Essex,dce,1418-08-20,1419-03-15
21-116,Essex,dce,1418-11-23,1418-12-12
21-117,Derbyshire,dce,1418-04-26,1418-06-17
21-119,York,dce,1417-12-16,1418-03-24
21-120,Devon,dce,1418-07-24,1418-09-20
21-121,Cornwall,dce,1418-07-24,1418-09-10
21-122,Bedfordshire,dce,1419-01-09,1419-02-06
21-123,Surrey,dce,1419-02-02,1419-03-04
21-124,Leicestershire,dce,1419-02-02,1419-03-03
21-125,Hertfordshire,dce,1419-02-02,1419-03-06
21-126,Northamptonshire,dce,1419-02-02,1419-03-02
21-127,Gloucester and the Adjacent March of Wales,dce,1418-11-16,1418-12-10
21-128,Worcestershire,mel,1418-10-08,1418-11-02
21-129,Shropshire,mel,1418-10-08,1418-11-01
21-130,Leicestershire,man,1418-07-15,1418-10-20
21-131,Leicestershire,dce,1418-11-03,1418-11-12
21-132,Warwickshire,dce,1418-04-20,1418-06-01
21-133,Warwickshire,mel,1418-11-08,1418-11-17
21-134,Nottinghamshire,dce,1418-04-20,1418-10-12
21-135,Wiltshire,dce,1418-04-20,1418-06-25
21-136,Gloucestershire,dce,1419-02-04,1419-03-04
21-137,Wiltshire,dce,1419-02-04,1419-02-18
21-138,York,dce,1419-02-04,1419-04-14
21-139,Surrey,dce,1419-02-01,1419-02-18
21-141,Sussex,qp,1418-11-14,1418-11-24
21-142,Gloucestershire and the Adjacent March of Wales,mel,1418-11-14,1418-05-26
21-143,Hampshire,dce,1419-01-15,1419-02-09
21-144,Surrey,dep,1418-07-14,1418-08-06
21-146,Berkshire,dep,1418-04-28,1418-05-14
21-147,York,dep,1418-08-27,1418-09-16
21-148,Gloucestershire,dep,1418-06-06,1418-06-27
21-149,Devon,dep,1418-07-20,1418-08-26
21-150,Buckinghamshire,dda,1419-01-25,1419-03-06
21-151,Gloucester,dda,1417-10-09,1418-05-10
21-152,Nottingham,dda,1418-07-18,1418-08-01
21-153,Kent,dda,1418-05-10,1418-05-20
21-157,Essex,dda,1418-11-12,1419-03-20
21-160,Middlesex,dce,1419-10-04,1419-11-06
21-161,Devon,dce,1419-02-08,1419-04-07
21-162,Hertfordshire,dce,1419-10-26,1419-12-04
21-163,Dorset,dce,1419-02-05,1419-10-31
21-164,Somerset,dce,1419-03-28,1419-07-15
21-165,Warwickshire,dce,1420-02-16,1420-03-09
21-166,Worcestershire,dce,1420-02-16,1420-03-12
21-167,Gloucestershire,dce,1420-02-16,1420-03-15
21-168,Staffordshire,dce,1420-02-16,1420-03-12
21-169,Essex,dce,1419-03-28,1419-07-01
21-171,Buckinghamshire,dce,1420-02-10,1420-02-20
21-172,Staffordshire,dce,1419-04-18,1419-07-13
21-173,Stafford,dda,1420-02-01,1420-06-03
21-174,Kent,dce,1419-03-22,1419-07-20
21-175,Kent,dce,1418-11-28,1419-03-30
21-176,Hampshire,dce,1419-03-13,1419-05-22
21-177,Berkshire,dce,1419-05-28,1419-06-13
21-178,Wiltshire,dce,1419-04-08,1419-09-22
21-179,Nottinghamshire,man,1419-07-08,1419-07-29
21-180,Dorset,dce,1419-07-21,1419-10-13
21-181,Kent,dce,1419-02-12,1419-07-12
21-183,Warwickshire,dce,1419-03-04,1419-06-08
21-185,Worcestershire,dce,1419-03-04,1419-05-31
21-186,Gloucestershire,dce,1419-03-05,1419-09-25
21-187,Wiltshire,dce,1419-03-04,1419-04-17
21-188,Wiltshire,mel,1419-11-10,1419-11-22
21-189,Essex,dce,1419-09-04,1419-10-02
21-190,Warwickshire,dce,1419-10-16,1419-11-19
21-191,Hertfordshire,dce,1419-11-10,1419-11-18
21-192,Somerset,dce,1419-02-04,1419-06-26
21-193,Somerset,mel,1419-11-06,1419-11-16
21-194,Staffordshire,qhr,1419-12-06,1420-01-10
21-195,Staffordshire,qhr,1419-12-06,1420-01-10
21-196,Leicestershire,dce,1419-09-10,1419-10-05
21-197,Gloucestershire and the Adjacent March of Wales,dce,1419-09-10,1419-10-05
21-198,Derbyshire,dce,1419-10-20,1419-11-04
21-199,Northamptonshire,dce,1419-09-10,1419-10-05
21-200,Staffordshire,dce,1419-09-10,1419-09-21
21-201,Norfolk,dce,1419-02-07,1419-03-06
21-203,Norfolk,dce,1419-01-24,1419-03-06
21-205,Norfolk,mel,1419-05-16,1419-05-20
21-206,Suffolk,dce,1420-01-28,1420-02-21
21-207,Essex,dce,1420-01-28,1420-02-16
21-208,Kent,dce,1420-01-28,1420-02-16
21-209,Somerset,dce,1419-03-28,1419-06-12
21-210,Suffolk,man,1419-05-17,1419-09-12
21-211,Rutland,dce,1419-10-20,1419-11-09
21-212,London,dce,1419-11-08,1419-12-07
21-213,Rutland,man,1419-10-18,1419-11-09
21-214,Yorkshire,man,1419-10-18,1419-11-20
21-215,Yorkshire,mel,1419-11-03,1419-11-20
21-216,Lincolnshire,dep,1419-12-20,1420-01-25
21-217,Kent,dce,1419-05-18,1419-06-22
21-218,Wiltshire,dce,1419-05-28,1419-06-06
21-219,Sussex,dce,1419-08-20,1419-10-21
21-220,Kent,dce,1419-07-21,1419-07-26
21-221,Wiltshire,dce,1418-10-06,1419-09-25
21-222,Essex,dce,1419-05-13,1419-06-23
21-223,Devon,dce,1420-01-28,1420-03-06
21-224,Devon,mel,1420-03-13,1420-04-26
21-225,Sussex,dce,1419-05-29,1419-07-27
21-227,Essex,dce,1418-11-26,1419-06-20
21-228,Somerset,dce,1419-10-12,1419-11-02
21-229,Bristol,man,1419-05-28,1419-06-14
21-230,Cornwall,dce,1418-11-08,1419-10-27
21-231,Somerset,dce,1419-10-12,1419-11-02
21-232,Berkshire,man,1420-02-10,1420-02-22
21-233,Gloucestershire,man,1420-02-10,1420-02-22
21-234,Staffordshire,dce,1419-09-04,1419-09-22
21-235,Shropshire,man,1420-02-10,1420-02-22
21-236,Suffolk,man,1420-02-10,1420-02-22
21-237,Somerset,dce,1419-01-03,1419-09-21
21-238,Essex,dce,1419-12-16,1420-06-01
21-239,Nottinghamshire,dce,1419-11-08,1419-11-18
21-240,Dorset,dce,1419-02-22,1419-04-29
21-242,Dorset,mel,1419-06-01,1419-06-24
21-243,Wiltshire,dce,1419-02-22,1419-04-20
21-244,Wiltshire,mel,1419-06-01,1419-06-06
21-245,Worcestershire,dce,1419-11-20,1420-04-27
21-246,Warwickshire,dce,1419-11-08,1419-11-21
21-247,Staffordshire,dce,1419-11-20,1419-12-12
21-248,Gloucestershire,dce,1419-11-20,1420-03-13
21-249,Shropshire,dce,1419-11-08,1419-11-08
21-250,Cambridgeshire,dce,1419-04-14,1419-05-26
21-251,Yorkshire,dce,1419-04-14,1419-06-22
21-252,Lincolnshire,dce,1419-04-14,1419-06-30
21-253,Berkshire,dce,1419-04-14,1419-06-05
21-254,Wiltshire,dce,1419-04-14,1419-06-03
21-255,Norfolk,dce,1419-04-14,1419-05-25
21-257,Essex,dev,1419-11-14,1419-12-18
21-258,Cambridgeshire,dev,1419-10-14,1419-11-03
21-259,Norfolk,dev,1419-11-14,1420-01-08
21-260,Norfolk,dep,1420-01-12,1420-01-29
21-261,Oxfordshire,dce,1405-10-04,1405-11-01
21-262,Hampshire,dce,1405-10-04,1405-10-20
21-263,Somerset,dce,1405-10-04,1406-01-10
21-264,Suffolk,jur,1418-07-16,1419-04-21
21-265,Oxfordshire,dce,1420-01-24,1420-01-30
21-267,Gloucestershire and the Adjacent March of Wales,dce,1419-11-14,1420-01-22
21-268,Cornwall,dce,1419-06-01,1419-09-23
21-269,Cornwall,dce,1419-07-07,1419-09-23
21-270,Nottinghamshire,man,1418-11-28,1419-03-29
21-271,Lincolnshire,mel,1419-05-01,1418-05-12
21-273,Somerset,dce,1418-03-18,1419-04
21-274,Dorset,dce,1419-05-18,1419-07-27
21-276,Worcestershire,dce,1419-05-13,1419-10-09
21-278,Rutland,dce,1419-05-28,1419-07-20
21-279,Rutland,mel,1419-07-26,1419-08-01
21-281,Gloucestershire,dce,1419-10-22,1419-11-09
21-282,Dorset,dce,1419-10-22,1419-11-09
21-283,Hampshire,dce,1419-07-14,1419-11-08
21-284,Somerset,dce,1419-07-14,1419-09-21
21-285,Nottinghamshire,dce,1419-04-27,1419-06-19
21-286,Essex,dce,1419-04-27,1419-06-26
21-287,Essex,mel,1419-11-03,1419-11-09
21-288,Norfolk,dce,1419-04-27,1419-06-21
21-290,Norfolk,mel,1419-10-28,1419-11-10
21-291,Lincolnshire,dce,1419-04-27,1419-06-16
21-292,Lincolnshire,mel,1419-10-28,1419-11-09
21-293,Yorkshire,dce,1419-04-27,1419-07-01
21-294,Yorkshire,mel,1419-10-28,1419-11-10
21-295,Buckinghamshire,dce,1419-08-25,1419-08-31
21-296,Oxfordshire,dce,1419-08-25,1419-08-29
21-297,London,dce,1419-08-25,1419-09-24
21-298,Cambridgeshire,dce,1419-08-25,1419-10-04
21-299,Shropshire and the Adjacent March of Wales,dce,1419-11-03,1419-11-28
21-300,Shropshire and the Adjacent March of Wales,mel,1420-01-20,1420-01-22
21-301,Staffordshire,dce,1419-11-03,1419-12-20
21-302,Yorkshire,dce,1419-11-14,1419-12-19
21-303,Gloucestershire and the Adjacent March of Wales,dce,1419-10-14,1419-10-30
21-304,Gloucestershire and the Adjacent March of Wales,qp,1420-04-20,1419-10-09
21-305,Gloucestershire and the Adjacent March of Wales,dce,1420-12-11,1421-09-18
21-306,Kent,man,1419-10-01,1419-10-06
21-307,Kent,dep,1419-10-18,1419-10-23
21-308,Hampshire,dce,1418-11-01,1418-11-17
21-311,London,dce,1418-11-01,1419-02-07
21-312,Bedfordshire,dce,1418-11-01,1418-11-17
21-314,Warwickshire,dce,1418-11-01,1419-05-23
21-315,Leicestershire,dce,1418-11-01,1419-02-09
21-316,Oxfordshire,dce,1418-11-01,1418-12-03
21-318,Shropshire and the Adjacent March of Wales,dce,1418-11-01,1418-12-03
21-319,Shropshire and the Adjacent March of Wales,dce,1419-10-17,1419-12-06
21-320,Herefordshire and the Adjacent March of Wales,dce,1418-11-01,1419-03-19
21-322,Gloucestershire and the Adjacent March of Wales,dce,1418-11-01,1419-01-11
21-323,Hampshire,dce,1420-01-27,1420-02-24
21-324,Somerset,dce,1419-01-28,1420-02-29
21-325,Dorset,dce,1420-01-28,1420-03-11
21-326,Cornwall,dce,1420-01-28,1420-02-26
21-328,Somerset,dce,1419-05-24,1419-06-07
21-329,Cornwall,dce,1419-05-24,1419-06-14
21-331,Devon,dce,1419-12-17,1420-01-09
21-332,Huntingdonshire,dce,1419-04-12,1419-10-13
21-333,Norfolk,dce,1419-04-12,1419-05-16
21-335,Northamptonshire,dce,1419-04-12,1419-05-13
21-336,Derbyshire,dce,1419-04-12,1419-05-12
21-338,Lincolnshire,dce,1419-04-12,1419-04-22
21-339,Lincolnshire,dce,1419-11-03,1420-05-20
21-340,York,dce,1419-11-03,1419-12-22
21-341,Yorkshire,dce,1419-11-03,1419-12-21
21-342,Devon,dce,1419-11-02,1419-03-12
21-344,Hampshire,dce,1419-12-16,1420-01-18
21-345,Berkshire,dce,1419-12-16,1420-01-08
21-346,Buckinghamshire,dce,1419-12-16,1420-01-11
21-347,Somerset,dce,1419-12-16,1420-01-02
21-349,Cornwall,dce,1419-12-16,1420-01-05
21-351,Dorset,mel,1419-05-20,1419-06-24
21-352,Herefordshire and the Adjacent March of Wales,qp,1418-11-22,1419-04-27
21-353,Calais,dev,1419-03-02,1419-08-20
21-354,Middlesex,dev,1419-03-02,1420-02-10
21-355,Derbyshire,dev,1419-03-02,1420-04-24
21-357,Yorkshire,dev,1419-03-02,1419-10-03
21-358,Northumberland,dev,1419-03-02,1419-09-21
21-359,Lincolnshire,dev,1419-11-18,1420-10-17
21-360,Yorkshire,man,1419-07-22,1419-10-03
21-361,Northumberland,mel,1419-07-22,1419-09-20
21-362,Buckinghamshire,dce,1419-11-24,1420-05-30
21-363,Calais,dce,1420-01-08,1420-02-10
21-364,Cornwall,dce,1420-02-05,1421-03-27
21-365,Kent,dce,1419-05-18,1419-06-13
21-366,Hampshire,man,1419-11-24,1420-04-03
21-368,Cumberland,dep,1419-10-20,1419-10-28
21-369,Gloucestershire,dep,1420-02-04,1420-02-27
21-370,Gloucestershire,dep,1419-11-14,1419-11-20
21-371,Bristol,dep,1418-10-20,1419-09-27
21-375,Yorkshire,dda,1420-02-10,1420-03-10
21-383,Herefordshire and the Adjacent March of Wales,dce,1420-05-18,1420-06-13
21-384,Middlesex,dce,1420-10-13,1420-10-25
21-385,Kent,dce,1420-01-16,1420-04-11
21-386,Northumberland,dce,1420-02-20,1420-06-20
21-387,Norfolk,dce,1420-10-24,1420-11-07
21-388,Calais,mel,1420-11-12,1421-02-12
21-389,Shropshire and the Adjacent March of Wales,man,1420-11-14,1421-03-18
21-390,Essex,dce,1420-10-28,1420-11-04
21-391,Middlesex,dce,1420-10-28,1420-11-08
21-393,Staffordshire,dce,1420-10-28,1421-01-11
21-394,Berkshire,dce,1420-10-20,1420-10-28
21-395,Hampshire,dce,1420-10-20,1420-11-16
21-396,Essex,dce,1419-10-26,1420-02-24
21-397,Essex,dev,1420-06-24,1420-07-13
21-398,Essex,dev,1420-11-17,1420-11-18
21-399,Essex,mel,1420-11-26,1420-12-14
21-400,Gloucestershire and the Adjacent March of Wales,dev,1420-11-05,1420-11-12
21-401,Essex,man,1420-07-05,1420-07-15
21-402,Sussex,mel,1420-02-09,1420-11-01
21-403A,Sussex,dce,1420-12-01,1421-01-05
21-403,Sussex,mel,1421-02-05,1421-02-16
21-404,Lincolnshire,dce,1420-04-22,1420-06-04
21-405,Northumberland,dce,1420-08-20,1420-09-04
21-406,Hertfordshire,dce,1420-10-12,1420-11-11
21-407,Northumberland,amot,1421-11-24,1422-03-21
21-408,Northumberland,qp,1422-07-14,1422-08-18
21-409,Northumberland,dce,1420-12-01,1420-12-19
21-410,Norfolk,dce,1420-10-24,1420-11-05
21-411,Northumberland,dce,1420-02-17,1420-05-23
21-412,Buckinghamshire,dce,1419-10-26,1420-04-27
21-413,Suffolk,dce,1420-10-24,1420-10-28
21-415,Northamptonshire,dce,1421-01-10,1421-03-11
21-416,Cambridgeshire,dce,1421-01-10,1421-03-08
21-417,Surrey,dce,1421-01-10,1421-02-08
21-418,Essex,dce,1420-12-03,1420-12-17
21-419,Northumberland,dce,1421-01-08,1421-03-13
21-420,Northumberland,mel,1421-05-05,1421-06-04
21-421,Northamptonshire,dce,1420-05-18,1420-05-30
21-422,Worcestershire,dev,1417-11-16,1421-01-09
21-423,Essex,dce,1420-11-16,1420-11-18
21-424,Worcestershire,dce,1420-04-24,1420-09-25
21-425,Huntingdonshire,dce,1418-07-18,1419-10-13
21-426,Huntingdonshire,mel,1420-02-24,1420-04-27
21-427,Wiltshire,dce,1419-12-18,1420-06-27
21-428,Somerset,dce,1420-07-20,1420-09-04
21-429,Herefordshire and the Adjacent March of Wales,dce,1420-07-20,1420-09-28
21-430,Essex,dce,1420-11-27,1420-12-17
21-431,Suffolk,wnedce,1420-07-01,1420-10-10
21-432,Essex,dce,1420-07-01,1420-11-05
21-433,Herefordshire and the Adjacent March of Wales,mel,1419-11-24,1420-09-24
21-434,Staffordshire,dce,1420-10-16,1420-09-06
21-435,Wiltshire,dce,1420-10-12,1420-11-13
21-436,Wiltshire,dce,1420-10-12,1420-11-13
21-437,Gloucestershire and the Adjacent March of Wales,dce,1420-08-04,1421-01-24
21-438,Somerset,dce,1420-10-12,1420-11-25
21-439,Somerset,mel,1421-02-26,1421-04-20
21-440,Oxfordshire,dce,1420-10-14,1420-11-18
21-441,Buckinghamshire,dce,1420-10-14,1420-10-23
21-443,Oxfordshire,dce,1420-10-16,1420-11-06
21-444,Sussex,dce,1420-10-16,1420-11-10
21-445,Kent,dce,1420-10-16,1420-11-12
21-446,Cornwall,dce,1420-10-16,1422-02-24
21-447,Northumberland,dce,1420-10-12,1420-11-23
21-448,Buckinghamshire,dce,1420-02-12,1420-04-02
21-449,Shropshire and the Adjacent March of Wales,dce,1420-10-24,1420-11-09
21-450,Suffolk,dce,1420-03-24,1420-07-01
21-451,Warwickshire,dce,1420-10-12,1420-11-05
21-453,Devon,dce,1420-12-08,1421-01-27
21-454,Wiltshire,dce,1420-10-28,1421-02-04
21-455,Dorset,dce,1420-10-28,1421-02-06
21-457,Lincolnshire,dce,1420-10-28,1421-04-04
21-458,Hertfordshire,dce,1420-10-28,1421-05-08
21-459,Cambridgeshire,dce,1420-10-28,1421-05-22
21-460,Bedfordshire,dce,1421-02-08,1421-03-28
21-461,Worcestershire,dce,1421-02-08,1421-04-25
21-462,Dorset,dce,1421-02-08,1421-04-30
21-463,Wiltshire,dce,1421-02-08,1421-05-01
21-464,Essex,dce,1420-10-20,1420-11-04
21-465,Middlesex,dce,1420-10-20,1420-11-08
21-467,Herefordshire,dce,1420-10-20,1420-11-20
21-468,Worcestershire,dce,1420-10-20,1420-11-11
21-469,Shropshire,dce,1420-10-20,1420-11-26
21-470,Norfolk,dce,1420-06-14,1420-09-09
21-472,Norfolk,mel,1420-11-04,1420-11-19
21-473,Yorkshire,dce,1420-07-06,1420-09-19
21-474,Cambridgeshire,dce,1420-06-14,1420-10-08
21-475,Northumberland,dce,1420-10-24,1420-12-23
21-476,Northumberland,mel,1422-07-10,1422-08-20
21-477,Wiltshire,dce,1420-06-24,1420-09-25
21-478,Cambridgeshire,dev,1421-02-05,1421-04-08
21-479,Dorset,dev,1420-11-20,1421-02-24
21-480,Norfolk,dev,1420-11-20,1421-01-21
21-481,Devon,dce,1420-06-12,1420-09-17
21-482,Devon,dce,1420-11-27,1421-01-08
21-483,Staffordshire,dce,1420-08-04,1420-10-02
21-484,Wiltshire,dce,1420-10-10,1420-11-08
21-485,Hampshire,dce,1420-10-09,1420-11-09
21-486,Northamptonshire,dce,1420-10-10,1420-10-28
21-487,Buckinghamshire,dce,1420-10-10,1420-10-21
21-488,Somerset,wnedce,1420-10-10,1420-11-04
21-489,Dorset,man,1420-03-24,1420-06-24
21-490,Staffordshire,dev,1420-09-27,1420-10-02
21-491,Staffordshire,dev,1420-12-13,1421-01-18
21-492,Wiltshire,dce,1420-10-18,1420-11-06
21-493,Wiltshire,dce,1420-06-18,1420-07-30
21-494,Yorkshire,dce,1420-02-16,1420-04-25
21-495,Northamptonshire,dce,1420-10-16,1420-11-04
21-496,Leicestershire,dce,1420-10-16,1420-11-02
21-498,Herefordshire and the Adjacent March of Wales,dce,1421-01-20,1421-09-23
21-499,Hertfordshire,dce,1421-01-20,1421-02-25
21-500,Staffordshire,dce,1420-08-14,1420-09-06
21-501,Staffordshire,mel,1420-10-11,1420-11-09
21-502,Oxfordshire,dce,1420-08-14,1420-09-05
21-503,Leicestershire,dce,1420-08-14,1420-09-17
21-504,Dorset,dce,1420-06-26,1420-06-24
21-505,Wiltshire,dce,1420-05-03,1420-06-13
21-506,Lincolnshire,dce,1420-11-20,1421-01-04
21-507,Yorkshire,dce,1420-11-20,1421-07-20
21-508,Wiltshire,dce,1420-10-28,1420-11-19
21-509,Staffordshire,dce,1420-09-23,1420-11-09
21-510,Worcestershire,dce,1420-09-23,1420-11-14
21-511,Worcestershire,dce,1420-04-24,1420-08-27
21-512,Cambridgeshire,dce,1420-04-24,1420-07-01
21-513,Shropshire and the Adjacent March of Wales,dce,1420-04-24,1420-06-19
21-514,Bedfordshire,dce,1420-04-24,1420-05-27
21-515,Warwickshire,dce,1420-10-28,1420-11-12
21-516,Worcestershire,dce,1420-10-28,1420-11-11
21-517,Nottinghamshire,amot,1421-01-01,1421-01-09
21-518,Suffolk,dce,1420-11-08,1420-11-12
21-520,Leicestershire,dce,1420-11-08,1420-11-28
21-521,Dorset,dev,1420-05-11,1420-10-14
21-522,Gloucestershire and the Adjacent March of Wales,dev,1420-05-11,1420-10-10
21-523,Staffordshire,dce,1420-10-18,1420-11-16
21-524,Staffordshire,dce,1420-12-13,1421-01-14
21-525,Staffordshire,dce,1421-02-04,1421-02-10
21-526,Shropshire,dce,1420-06-03,1420-06-15
21-527,Kent,dce,1420-12-05,1421-02-20
21-528,Cornwall,dce,1421-05-21,1421-09-10
21-529,Herefordshire,dce,1421-02-05,1421-04-01
21-530,Lincolnshire,dce,1421-02-05,1421-04-11
21-531,Gloucestershire and the Adjacent March of Wales,man,1419-11-13,1420-04-22
21-533,Staffordshire,dce,1420-11-09,1421-01-11
21-534,Wiltshire,dce,1420-11-09,1421-01-13
21-535,Lincolnshire,dce,1420-11-09,1420-12-14
21-536,Shropshire and the Adjacent March of Wales,dce,1420-11-09,1421-01-09
21-537,Bedfordshire,dce,1420-11-09,1420-12-09
21-538,Northamptonshire,dce,1420-11-09,1420-12-05
21-539,Hertfordshire,dce,1420-11-09,1420-12-10
21-540,Warwickshire,dce,1420-11-09,1420-12-05
21-541,Staffordshire,dce,1420-08-24,1420-09-06
21-542,Worcestershire,dce,1420-08-24,1420-09-25
21-543,Worcestershire,mel,1420-11-08,1420-11-20
21-544,Warwickshire,dce,1420-08-24,1420-09-21
21-545,Warwickshire,mel,1420-11-08,1420-11-14
21-546,Herefordshire and the Adjacent March of Wales,dce,1420-08-24,1420-09-24
21-547,Essex,dce,1420-05-20,1420-06-29
21-548,Somerset,dce,1420-05-22,1420-06-28
21-550,Yorkshire,dce,1420-05-18,1420-06-07
21-551,Westmorland,dce,1420-05-18,1420-06-15
21-553,Nottinghamshire,dce,1420-07-06,1420-09-14
21-554,Lincolnshire,dce,1420-07-06,1420-07-31
21-555,Somerset,dce,1420-07-06,1420-08-13
21-556,Bedfordshire,dce,1420-07-06,1420-07-20
21-557,Cornwall,dce,1420-07-06,1420-08-24
21-558,Bedfordshire,dep,1416-11-06,1416-11-15
21-559,Northumberland,dce,1420-05-20,1421-03-08
21-560,Worcestershire,dce,1420-10-28,1420-11-20
21-561,Warwickshire,dce,1420-10-28,1420-11-14
21-562,Hampshire,dce,1420-11-05,1421-01-20
21-563,Surrey,dce,1420-11-05,1420-11-14
21-564,Buckinghamshire,qp,1420-07-10,1420-10-04
21-565,Surrey,dev,1420-10-24,1420-11-07
21-566,Lincolnshire,dev,1420-10-13,1420-11-12
21-567,Hampshire,dce,1420-10-28,1420-11-18
21-569,Somerset,dce,1420-10-28,1420-11-08
21-570,Somerset,dce,1420-02-04,1420-05-22
21-571,Somerset,dev,1420-10-01,1420-11-02
21-572,Gloucestershire and the Adjacent March of Wales,dce,1420-11-28,1421-04-01
21-573,Devon,dce,1420-11-28,1421-08-09
21-574,Hertfordshire,dce,1420-11-28,1420-12-11
21-575,Shropshire and the Adjacent March of Wales,dce,1420-11-28,1421-02-01
21-576,Herefordshire and the Adjacent March of Wales,dce,1420-11-28,1421-01-10
21-577,Berkshire,dce,1420-07-24,1420-09-10
21-578,Herefordshire,man,1420-06-12,1420-10-28
21-579,Herefordshire and the Adjacent March of Wales,ple,1421-12-09,1422-06-11
21-580,Gloucestershire and the Adjacent March of Wales,dce,1420-05-06,1420-09-17
21-581,Herefordshire and the Adjacent March of Wales,dce,1420-05-06,1420-10-28
21-582,Herefordshire and the Adjacent March of Wales,qp,1421-07-06,1421-09-26
21-583,Hampshire,dce,1420-05-12,1420-05-30
21-584,Dorset,dce,1420-05-12,1420-06-10
21-586,Devon,dce,1420-05-12,1420-06-13
21-588,Warwickshire,dev,1420-03-17,1420-03-26
21-589,Oxfordshire,dev,1420-02-08,1420-03-15
21-590,Wiltshire,dev,1420-02-08,1420-02-24
21-592,Hampshire,mel,1420-04-01,1420-04-11
21-593,Herefordshire,dev,1420-02-08,1420-03-02
21-594,Herefordshire,mel,1420-04-01,1420-04-15
21-595,Gloucestershire,dev,1420-02-08,1420-03-16
21-596,Devon,dev,1420-02-08,1420-03-06
21-597,Gloucester and the Adjacent March of Wales,man,1420-04-01,1420-04-12
21-598,Devon,mel,1420-04-01,1420-04-16
21-599,Devon,qp,1420-04-01,1420-04-16
21-600,Devon,dce,1420-10-12,1421-01-08
21-601,Staffordshire,dce,1420-10-28,1421-01-18
21-602,Cornwall,dev,1420-06-26,1420-08-11
21-603,Devon,man,1420-06-14,1420-08-20
21-604,Devon,dev,1420-06-26,1420-08-20
21-605,Cornwall,man,1420-06-14,1420-08-12
21-606,Cornwall,man,1420-10-06,1420-10-16
21-607,Worcestershire,dce,1420-04-24,1420-10-21
21-608,Berkshire,dce,1420-06-26,1420-07-04
21-609,Somerset,man,1420-11-05,1420-11-16
21-610,Devon,man,1420-11-04,1420-11-12
21-611,Surrey,dce,1420-05-05,1420-05-21
21-612,Hertfordshire,dce,1420-05-05,1420-05-23
21-613,Northamptonshire,dce,1420-05-05,1420-05-30
21-614,London,dce,1420-11-22,1421-07-30
21-615,Essex,dce,1420-11-22,1420-12-06
21-616,Gloucester and the Adjacent March of Wales,dce,1420-10-10,1420-11-13
21-617,Bristol,dce,1420-10-10,1410-01-20
21-618,Somerset,dce,1420-06-14,1420-09-04
21-619,York,dev,1420-11-11,1420-11-22
21-620,Gloucestershire,dev,1420-10-10,1420-11-04
21-621,Hereford and the Adjacent March of Wales,dev,1420-10-10,1420-11-08
21-622,Staffordshire,dev,1420-10-10,1420-11-18
21-623,Shropshire and the Adjacent March of Wales,dev,1420-10-10,1420-11-15
21-624,Wiltshire,dev,1420-10-10,1420-11-13
21-625,Berkshire,dev,1420-10-10,1420-10-26
21-626,Somerset,dev,1420-10-10,1420-11-02
21-627,Devon,dev,1420-10-10,1420-11-12
21-628,Gloucestershire,dce,1420-10-19,1420-11-05
21-629,Hereford and the Adjacent March of Wales,dce,1420-10-19,1420-11-08
21-630,Staffordshire,dce,1420-10-19,1420-11-18
21-631,Shropshire and the Adjacent March of Wales,dce,1420-10-19,1420-11-15
21-632,Wiltshire,dce,1420-10-19,1420-11-13
21-633,Berkshire,dce,1420-10-19,1420-10-26
21-634,Somerset,dce,1420-10-19,1420-11-02
21-635,Devon,dce,1420-10-19,1420-11-12
21-637,Sussex,qp,1420-03-13,1420-09-09
21-638,Gloucestershire,cdf,1420-05-01,1420-05-30
21-641,York,jur,1420-09-30,1420-10-17
21-642,Dorset,man,1419-10-24,1420-06-18
21-643,Dorset,qp,1421-01-16,1421-02-03
21-644,Dorset,mel,1421-05-02,1421-06-14
21-645,Gloucester and the Adjacent March of Wales,dce,1420-10-10,1420-11-12
21-646,Lincoln,dce,1420-10-10,1420-11-16
21-647,London,dce,1420-11-10,1421-06-28
21-648,Oxfordshire,dce,1420-12-08,1420-12-17
21-649,Buckinghamshire,dce,1420-12-08,1421-01-11
21-650,Lincoln,dce,1420-12-08,1421-01-11
21-651,Essex,dce,1420-12-08,1421-01-18
21-652,Devon,dce,1421-02-06,1421-04-01
21-653,Buckinghamshire,dce,1420-11-29,1421-01-31
21-654,Surrey,dce,1420-11-29,1421-01-29
21-655,Oxfordshire,dce,1420-11-29,1421-02-10
21-656,Gloucester and the Adjacent March of Wales,dce,1420-11-29,1421-01-27
21-658,Somerset,dce,1420-11-29,1421-01-24
21-659,Wiltshire,dce,1420-11-29,1421-01-30
21-660,Cambridgeshire,dce,1420-11-29,1420-12-16
21-661,Worcestershire,dce,1420-11-29,1421-01-09
21-662,Essex,dce,1420-11-29,1421-06-20
21-663,Shropshire and the Adjacent March of Wales,dce,1420-11-29,1421-01-09
21-664,Suffolk,dce,1420-11-29,1420-12-28
21-665,Warwickshire,wnedce,1420-11-29,1421-01-13
21-667,Staffordshire,dce,1420-11-29,1421-01-11
21-668,Northamptonshire,dce,1420-11-29,1420-12-18
21-669,Northamptonshire,dep,1420-07-03,1420-07-08
21-670,Derbyshire,dep,1420-03-30,1420-04-09
21-671,Staffordshire,dep,1416-11-03,1416-12-20
21-672,Norfolk,dep,1420-07-12,1420-09-09
21-673,Norfolk,dep,1416-11-04,1416-11-26
21-674,York,dep,1420-10-12,1420-11-04
21-675,Cambridgeshire,dep,1420-06-24,1420-09-12
21-676,Derby,dda,1421-03-05,1421-04-12
21-678,Middlesex,dda,1421-03-05,1421-03-17
21-679,Northumberland,dda,1421-03-05,1422-08-12
21-681,Lincoln,dda,1421-03-05,1422-07-15
21-682,Somerset,dda,1420-12-04,1421-02-05
21-683,Hampshire,dda,1420-12-04,1421-01-27
21-686,Buckinghamshire,dda,1419-10-23,1420-06-12
21-688,Stafford,dda,1420-12-13,1421-01-10
21-689,Hampshire,dda,1420-12-10,1421-01-20
21-700,York,dce,1421-04-06,1421-09-20
21-701,York,dce,1421-09-20,1421-10-30
21-702,Northumberland,dce,1421-04-20,1421-09-10
21-703,Gloucester and the Adjacent March of Wales,dce,1420-12-11,1421-05-20
21-704,Oxfordshire,dce,1421-10-01,1421-10-09
21-705,York,dce,1421-09-20,1421-10-30
21-706,Northumberland,dce,1422-02-28,1422-04-02
21-707,Shropshire,dev,1421-07-10,1421-09-30
21-708,Cambridgeshire,man,1421-07-01,1421-11-08
21-709,Suffolk,dce,1421-10-01,1421-10-28
21-710,Suffolk,dce,1420-10-24,1422-02-23
21-711,Staffordshire,man,1421-12-05,1422-01-01
21-712,Leicestershire,dce,1422-03-19,1422-05-01
21-713a,Dorset,man,1421-01-20,1422-02-01
21-714,Westmorland,dce,1421-04-18,1421-08-23
21-715A,Northumberland,Not available,1421-04-18,1421-06-25
21-716,Warwickshire,man,1421-11-14,1422-03-17
21-717,Cumberland,dce,1422-02-14,1422-04-16
21-718,Rutland,dce,1421-05-23,1421-06-21
21-720,Wiltshire,dce,1421-04-18,1421-05-31
21-721,Essex,dce,1422-02-28,1422-04-04
21-722,Bedfordshire,dev,1421-03-24,1421-04-29
21-723,Bedfordshire,dev,1421-04-01,1421-04-29
21-724,Bedfordshire,dev,1421-04-14,1421-04-29
21-725,Leicestershire,dev,1421-04-14,1421-05-05
21-726,Essex,dev,1421-04-14,1421-05-01
21-727,Surrey,dce,1420-10-28,1420-11-07
21-728,Middlesex,dce,1420-10-28,1421-12-04
21-729,Suffolk,dce,1420-10-28,1421-11-13
21-730,Somerset,dce,1421-05-07,1421-06-16
21-731,Hampshire,dce,1421-05-07,1421-05-30
21-732,Wiltshire,dce,1421-05-07,1421-05-31
21-733,Essex,dce,1421-05-07,1421-06-03
21-734,Essex,dev,1421-04-28,1421-06-14
21-735,York,dce,1420-12-08,1421-01-11
21-736,York,qp,1421-06-03,1421-07-20
21-737,York,mel,1421-06-03,1421-07-20
21-738,York,dce,1421-03-12,1421-04-16
21-739,York,dce,1421-06-03,1421-07-04
21-740,Hertfordshire,dce,1420-10-10,1420-11-04
21-741,Buckinghamshire,dce,1420-10-10,1420-12-02
21-742,Buckinghamshire,mel,1421-06-05,1421-10-13
21-743,London,dce,1421-02-24,1421-05-19
21-744,Leicestershire,dce,1420-10-10,1420-11-29
21-746,Gloucester and the Adjacent March of Wales,man,1422-03-11,1422-04-21
21-747,Worcestershire,mel,1422-03-11,1422-04-26
21-748,Northamptonshire,man,1422-03-11,1422-05-09
21-749,Northamptonshire,dce,1421-04-18,1422-04-30
21-749A,Hampshire,dce,1421-04-18,1422-01-19
21-750,Sussex,wnedce,1421-04-18,1421-05-27
21-751,Oxfordshire,dce,1421-04-18,1421-06-02
21-752,Norfolk,dce,1421-04-18,1421-10-04
21-754,Lincoln,dce,1422-02-06,1422-03-13
21-755,York,dev,1421-05-20,1421-06-14
21-756,Wiltshire,dev,1421-05-06,1421-07-05
21-757,Lincoln,dev,1421-05-06,1421-05-29
21-758,Norfolk,dep,1421-11-23,1421-12-05
21-759,Lincoln,dce,1421-01-11,1421-10-16
21-760,Wiltshire,dce,1421-05-21,1421-09-26
21-761,Bedfordshire,dce,1421-05-21,1421-06-23
21-762,Sussex,dev,1421-07-18,1421-08-01
21-763,Kent,dce,1421-11-26,1421-11-29
21-764,London,dce,1421-04-28,1421-10-11
21-765,Essex,dce,1421-04-28,1421-10-24
21-766,Buckinghamshire,dce,1421-04-28,1421-07-15
21-767,Oxfordshire,dce,1421-04-28,1421-10-13
21-768,Cornwall,dce,1421-04-28,1421-09-09
21-769,Bedfordshire,dce,1421-01-11,1421-07-15
21-770,Nottinghamshire,dce,1421-10-24,1421-12-24
21-771,York,dce,1422-01-24,1422-02-18
21-772,Gloucester and the Adjacent March of Wales,dce,1421-12-05,1422-02-14
21-773,Hereford and the Adjacent March of Wales,dce,1421-12-05,1422-02-28
21-774,Lincoln,man,1419-10-24,1421-10-02
21-775,York,qp,1421-11-01,1422-03-06
21-776,Essex,dce,1421-04-28,1421-10-15
21-777,Essex,mel,1422-02-16,1422-04-04
21-778,Cambridgeshire,dce,1421-04-28,1422-02-28
21-779,Oxfordshire,dev,1421-12-15,1422-01-13
21-781,London,dev,1421-12-16,1422-01-31
21-782,Buckinghamshire,dev,1421-12-15,1422-01-20
21-783,Warwickshire,dev,1421-12-16,1422-01-03
21-784,Gloucestershire and the Adjacent March of Wales,dev,1421-12-15,1422-02-04
21-785,Herefordshire and the Adjacent March of Wales,dev,1421-12-15,1421-12-31
21-786,Shropshire and the Adjacent March of Wales,dev,1421-12-15,1422-01-12
21-787,Wiltshire,dev,1421-12-15,1422-01-10
21-788,Buckinghamshire,man,1422-02-18,1422-03-28
21-789,Surrey,man,1422-02-18,1422-04-03
21-790,Middlesex,dev,1421-08-01,1421-12-21
21-791,Berkshire,dev,1421-08-01,1422-01-12
21-792,Hampshire,dev,1421-08-01,1422-01-29
21-793,Berkshire,mel,1422-02-18,1422-02-23
21-794,Hampshire,mel,1422-02-18,1422-03-03
21-795,Staffordshire,dev,1421-12-16,1422-01-07
21-796,Staffordshire,mel,1422-03-12,1422-05-20
21-797,Norfolk,dce,1421-01-01,1421-04-05
21-798,Bedfordshire,dce,1421-01-01,1421-03-29
21-800,Sussex,dce,1422-01-26,1422-05-29
21-801,Wiltshire,dce,1422-01-26,1422-06-04
21-803,Somerset,dce,1422-01-26,1422-07-28
21-804,Somerset,dce,1421-04-20,1421-06-12
21-806,Suffolk,dce,1421-10-09,1421-11-15
21-808,Norfolk,dce,1421-11-24,1421-12-01
21-809,Norfolk,dce,1421-11-24,1422-01-10
21-810,Norfolk,dce,1422-01-05,1421-02-01
21-811,London,dce,1421-05-28,1421-08-04
21-812,Cambridgeshire,dce,1421-05-28,1421-08-20
21-814,Kent,dce,1421-05-28,1421-10-01
21-815,Norfolk,dce,1421-05-28,1421-10-06
21-816,Shropshire and the Adjacent March of Wales,dce,1421-05-28,1421-10-29
21-817,Sussex,dce,1421-05-28,1421-07-10
21-819,Surrey,dce,1422-03-01,1421-08-02
21-820,Wiltshire,dce,1421-05-28,1421-12-20
21-821,Dorset,dce,1421-05-28,1421-09-25
21-822,Gloucestershire and the Adjacent March of Wales,dce,1421-05-28,1421-06-28
21-824,Essex,dce,1421-06-05,1422-05-22
21-825,Norfolk,dce,1421-06-05,1421-10-30
21-826,London,dce,1421-03-24,1421-05-21
21-827,Shropshire and the Adjacent March of Wales,dce,1421-03-24,1421-05-23
21-828,Northumberland,dce,1422-03-18,1422-04-09
21-829,Rutland,dce,1421-06-30,1421-07-17
21-831,Yorkshire,dce,1421-04-18,1421-06-18
21-832,Lincolnshire,dce,1421-04-18,1421-06-09
21-833,Northumberland,dce,1421-04-18,1421-06-26
21-834,Leicestershire,dce,1421-06-05,1421-06-17
21-835,Northamptonshire,dce,1421-06-05,1421-08-04
21-836,London,dce,1421-05-14,1421-08-02
21-837,Buckinghamshire,dce,1421-05-14,1421-08-15
21-838,Hertfordshire,dce,1421-05-14,1421-09-22
21-840,York,dce,1421-05-14,1421-07-04
21-841,Lincoln,dce,1421-05-14,1421-06-19
21-842,Lincolnshire,cdf,1421-11-18,1421-11-23
21-843,Leicestershire,dce,1421-05-14,1421-07-03
21-844,Northamptonshire,dce,1421-05-14,1421-10-11
21-845,Lincolnshire,dce,1421-05-14,1421-06-06
21-846,Sussex,dce,1421-05-14,1421-06-03
21-847,Yorkshire,dce,1421-05-14,1421-09-21
21-849,Shropshire,dce,1421-05-14,1421-09-20
21-850,Nottinghamshire,dce,1421-05-14,1421-07-08
21-852,Nottinghamshire,mel,1421-10-23,1421-11-17
21-853,Suffolk,dce,1421-05-14,1421-06-13
21-855,Somerset,dce,1421-11-12,1421-12-18
21-859,Lincolnshire,dce,1421-09-04,1421-09-26
21-860,Lincoln,dce,1421-09-04,1421-10-16
21-861,Northamptonshire,dce,1421-09-04,1421-09-18
21-862,Northumberland,dce,1421-09-04,1421-09-10
21-863,Essex,dce,1421-09-04,1421-11-25
21-867,Middlesex,dce,1421-06-05,1421-12-12
21-868,Lincolnshire,dce,1421-06-05,1421-09-29
21-869,Gloucestershire and the Adjacent March of Wales,man,1422-02-03,1422-04-03
21-870,Nottinghamshire,mel,1421-11-20,1421-12-22
21-871,Northamptonshire,dce,1421-04-19,1421-04-24
21-872,Essex,mel,1421-12-01,1422-07-28
21-873,Sussex,mel,1421-02-05,1421-04-05
21-874,Devon,dce,1421-05-26,1421-06-24
21-875,Gloucester and the Adjacent March of Wales,dce,1421-06-05,1421-06-28
21-876,Wiltshire,dce,1421-06-14,1421-07-01
21-878,Leicestershire,dda,1420-06-18,1421-09-23
21-879,Somerset,dda,1420-12-10,1421-05-20
21-880,Sussex,dda,1422-03-02,1422-08-24
21-881,Dorset,dda,1422-03-02,1422-08-24
21-883,Buckinghamshire,wnedda,1420-06-18,1421-08-04
21-884,Shropshire and the Adjacent March of Wales,dpf,1421-07-06,1421-08-21
21-889,Buckinghamshire,dev,1422-06-27,1422-07-13
21-890,Northamptonshire,dev,1422-05-20,1422-08-04
21-891,Surrey,dev,1422-05-20,1422-06-25
21-892,Oxfordshire,dev,1422-05-20,1422-06-26
21-893,London,dev,1422-05-20,1422-07-29
21-894,Leicestershire,dev,1422-05-20,1422-07-27
21-895,Norfolk,dev,1422-05-01,1422-05-09
21-896,Yorkshire,dev,1422-05-05,1422-05-14
21-897,Essex,dce,1422-06-28,1422-04-04
21-898,Yorkshire,dce,1422-04-05,1422-05-06
21-899,Suffolk,dce,1422-06-24,1422-07-25
21-900,Shropshire and the Adjacent March of Wales,dce,1422-05-24,1422-06-06
21-901,Kent,dce,1422-07-24,1422-08-17
21-902,Devon,dce,1422-05-04,1422-06-23
21-903,Hampshire,dce,1422-04-22,1422-05-12
21-904,Norfolk,dce,1422-05-01,1422-05-09
21-907,Essex,dev,1422-03-12,1422-07-28
21-908,York,man,1422-05-02,1422-06-03
21-909,Worcestershire,dce,1422-05-01,1422-08-17
21-910,Kent,dce,1422-05-03,1422-06-12
21-911,Worcestershire,dce,1422-05-18,1422-08-07
21-912,Wiltshire,dce,1422-05-18,1422-07-20
21-913,Warwickshire,dce,1422-05-18,1422-07-27
21-915,Wiltshire,wnedda,1422-03-02,1422-08-24
21-916,Derbyshire,man,1422-05-20,1422-08-13
21-917,Leicestershire,man,1422-05-20,1422-08-18
21-918,Middlesex,dce,1422-03-18,1422-05-02
21-919,Oxfordshire,dce,1422-03-18,1422-04-14
21-920,Lincolnshire,dce,1422-03-18,1422-03-30
21-921,Hampshire,man,1422-02-05,1422-05-10
21-922,Yorkshire,man,1422-03-01,1422-04-01
21-923,Yorkshire,dce,1422-04-28,1422-05-01
21-924,Northumberland,dce,1422-05-01,1422-05-23
21-925,Bedfordshire,dce,1422-06-19,1422-08-18
21-926,Berkshire,dce,1422-06-19,1422-08-10
21-927,Devon,dce,1422-03-28,1422-05-02
21-928,Gloucestershire,dce,1422-03-28,1422-04-30
21-929,Wiltshire,dce,1422-03-28,1422-04-24
21-930,Essex,dce,1422-05-17,1422-05-22
21-931,Lincolnshire,dce,1422-04-26,1422-08-27
21-932,Hampshire,dce,1422-07-24,1422-08-26
21-933,Gloucestershire,dce,1422-05-01,1422-06-25
21-934,Northamptonshire,dce,1422-05-01,1422-05-10
21-935,Hampshire,dce,1422-04-03,1422-04-09
21-936,Hampshire,dce,1422-06-22,1422-08-26
21-937,Berkshire,dce,1422-06-22,1422-08-29
21-938,Buckinghamshire,dce,1422-06-22,1422-08-27
21-939,Somerset,dce,1422-06-22,1422-08-21
21-941,Devon,dce,1422-06-22,1422-08-06
21-943,Wiltshire,mel,1422-02-05,1422-05-07
21-944,Gloucestershire and the Adjacent March of Wales,mel,1422-02-05,1422-04-03
21-945,Hampshire,mel,1422-05-12,1422-05-16
21-946,Buckinghamshire,mel,1422-05-28,1422-06-25
21-947,Surrey,dda,1421-11-24,1422-08-01
21-948,Derbyshire,dce,1422-05-24,1422-06-26
21-949,Middlesex,dce,1422-07-17,1422-07-18
21-950,Derbyshire,dce,1422-03-12,1422-04-20
21-952,London,dce,1422-05-24,1422-07-22
21-953,Worcestershire,dce,1422-05-24,1422-06-20
21-954,Cumberland,dce,1422-05-24,1422-07-03
21-955,Northumberland,dce,1422-05-24,1422-07-04
21-956,Derbyshire,dce,1422-05-24,1422-06-24
21-957,Yorkshire,dce,1422-05-24,1422-06-16
21-958,Westmorland,dce,1422-05-24,1422-06-22
21-959,Suffolk,man,1422-05-04,1422-06-22
21-960,Northumberland,dce,1422-04-16,1422-06-17
21-961,Northumberland,mel,1422-07-16,1422-08-12
21-962,Leicester,dda,1420-11-26,1422-08-17
21-963,Northampton,dda,1422-08-05,1422-08-04
21-964,NORTHAMPTONSHIRE,dce,1422-05-14,1408-06-22
